date,variable,wavelength_nm,value
2025-07-20,Albedo,320.0,0.6639606533880238
2025-07-20,Albedo,323.3333333333333,0.6851352346105274
2025-07-20,Albedo,326.6666666666667,0.7062241632341312
2025-07-20,Albedo,330.0,0.6972748760815651
2025-07-20,Albedo,333.3333333333333,0.7029878549339854
2025-07-20,Albedo,336.6666666666667,0.714524516583575
2025-07-20,Albedo,340.0,0.7225563900096478
2025-07-20,Albedo,343.3333333333333,0.7188847099525889
2025-07-20,Albedo,346.6666666666667,0.72335383915818
2025-07-20,Albedo,350.0,0.7250882185512243
2025-07-20,Albedo,353.3333333333333,0.7273376481389583
2025-07-20,Albedo,356.6666666666667,0.7297387322813261
2025-07-20,Albedo,360.0,0.7276288280465586
2025-07-20,Albedo,363.3333333333333,0.7299918690541571
2025-07-20,Albedo,366.6666666666667,0.7367133970396045
2025-07-20,Albedo,370.0,0.7323504632404753
2025-07-20,Albedo,373.3333333333333,0.7329038202685616
2025-07-20,Albedo,376.6666666666667,0.7339739359222526
2025-07-20,Albedo,380.0,0.7369541996127589
2025-07-20,Albedo,383.3333333333333,0.7327678768263137
2025-07-20,Albedo,386.6666666666667,0.7352879799136226
2025-07-20,Albedo,390.0,0.7343764943532821
2025-07-20,Albedo,393.33333333333337,0.7313740795732584
2025-07-20,Albedo,396.6666666666667,0.7338419909585733
2025-07-20,Albedo,400.0,0.7379490387051406
2025-07-20,Albedo,403.33333333333337,0.7398548129906241
2025-07-20,Albedo,406.6666666666667,0.7393525068974589
2025-07-20,Albedo,410.0,0.7390168842941753
2025-07-20,Albedo,413.33333333333337,0.7389270856524149
2025-07-20,Albedo,416.6666666666667,0.7399458053991602
2025-07-20,Albedo,420.0,0.7391814321561403
2025-07-20,Albedo,423.33333333333337,0.7405209587629807
2025-07-20,Albedo,426.6666666666667,0.7397143414644252
2025-07-20,Albedo,430.0,0.7379049377397459
2025-07-20,Albedo,433.33333333333337,0.7381589445939822
2025-07-20,Albedo,436.6666666666667,0.7397230797669583
2025-07-20,Albedo,440.0,0.7394597907620062
2025-07-20,Albedo,443.33333333333337,0.7390546269264403
2025-07-20,Albedo,446.6666666666667,0.7398345472343062
2025-07-20,Albedo,450.0,0.7402727959658107
2025-07-20,Albedo,453.33333333333337,0.7400953563535749
2025-07-20,Albedo,456.6666666666667,0.7403543683704018
2025-07-20,Albedo,460.0,0.73940497813818
2025-07-20,Albedo,463.33333333333337,0.7400600726446431
2025-07-20,Albedo,466.6666666666667,0.740086191757076
2025-07-20,Albedo,470.0,0.7395669056878168
2025-07-20,Albedo,473.33333333333337,0.7401539671024412
2025-07-20,Albedo,476.6666666666667,0.7406483969665972
2025-07-20,Albedo,480.0,0.7405035104102504
2025-07-20,Albedo,483.33333333333337,0.7402286402898333
2025-07-20,Albedo,486.6666666666667,0.7392659213293893
2025-07-20,Albedo,490.0,0.7394577202436523
2025-07-20,Albedo,493.33333333333337,0.7413146501948032
2025-07-20,Albedo,496.6666666666667,0.7413274538069706
2025-07-20,Albedo,500.0,0.7405421972725554
2025-07-20,Albedo,503.33333333333337,0.740378425177897
2025-07-20,Albedo,506.6666666666667,0.7402501852623912
2025-07-20,Albedo,510.0,0.7408974789119922
2025-07-20,Albedo,513.3333333333334,0.7404239883398949
2025-07-20,Albedo,516.6666666666667,0.738812207172421
2025-07-20,Albedo,520.0,0.7383828232099793
2025-07-20,Albedo,523.3333333333334,0.7388828109428168
2025-07-20,Albedo,526.6666666666667,0.7389711356019278
2025-07-20,Albedo,530.0,0.7385789492826819
2025-07-20,Albedo,533.3333333333334,0.737852287683008
2025-07-20,Albedo,536.6666666666667,0.7383431977774568
2025-07-20,Albedo,540.0,0.7376020021861743
2025-07-20,Albedo,543.3333333333334,0.7374442646039474
2025-07-20,Albedo,546.6666666666667,0.7374879427956321
2025-07-20,Albedo,550.0,0.7372012025915885
2025-07-20,Albedo,553.3333333333334,0.7371717238380157
2025-07-20,Albedo,556.6666666666667,0.7363616491504981
2025-07-20,Albedo,560.0,0.735811998939804
2025-07-20,Albedo,563.3333333333334,0.7356163582322754
2025-07-20,Albedo,566.6666666666667,0.7355345479610417
2025-07-20,Albedo,570.0,0.7351163525685844
2025-07-20,Albedo,573.3333333333334,0.7345316906861016
2025-07-20,Albedo,576.6666666666667,0.7343425722849852
2025-07-20,Albedo,580.0,0.7346724646775881
2025-07-20,Albedo,583.3333333333334,0.7360671155561238
2025-07-20,Albedo,586.6666666666667,0.7351010059306878
2025-07-20,Albedo,590.0,0.732584483641439
2025-07-20,Albedo,593.3333333333334,0.7324732274861487
2025-07-20,Albedo,596.6666666666667,0.732707054646441
2025-07-20,Albedo,600.0,0.7327430401371801
2025-07-20,Albedo,603.3333333333334,0.7312685066435691
2025-07-20,Albedo,606.6666666666667,0.7301912273842752
2025-07-20,Albedo,610.0,0.7291758061090372
2025-07-20,Albedo,613.3333333333334,0.7300442586313265
2025-07-20,Albedo,616.6666666666667,0.7311483772349053
2025-07-20,Albedo,620.0,0.7311633978869564
2025-07-20,Albedo,623.3333333333334,0.7311472741835223
2025-07-20,Albedo,626.6666666666667,0.7318157306686233
2025-07-20,Albedo,630.0,0.7325324701377885
2025-07-20,Albedo,633.3333333333334,0.7332187196414958
2025-07-20,Albedo,636.6666666666667,0.732789498049254
2025-07-20,Albedo,640.0,0.7320211828360245
2025-07-20,Albedo,643.3333333333334,0.7323610636960101
2025-07-20,Albedo,646.6666666666667,0.7323670382436974
2025-07-20,Albedo,650.0,0.7318616156005864
2025-07-20,Albedo,653.3333333333334,0.7315924105452126
2025-07-20,Albedo,656.6666666666667,0.7307256679790664
2025-07-20,Albedo,660.0,0.7295344220751847
2025-07-20,Albedo,663.3333333333334,0.7309478442990704
2025-07-20,Albedo,666.6666666666667,0.7312826221503647
2025-07-20,Albedo,670.0,0.7296355228278645
2025-07-20,Albedo,673.3333333333334,0.7282200799840985
2025-07-20,Albedo,676.6666666666667,0.7277100528093726
2025-07-20,Albedo,680.0,0.7283775195195428
2025-07-20,Albedo,683.3333333333334,0.729222096132196
2025-07-20,Albedo,686.6666666666667,0.7249153834732863
2025-07-20,Albedo,690.0,0.7214784950472045
2025-07-20,Albedo,693.3333333333334,0.7230613186230224
2025-07-20,Albedo,696.6666666666667,0.7258922540953201
2025-07-20,Albedo,700.0,0.7249375190873446
2025-07-20,Albedo,703.3333333333334,0.7235528892385714
2025-07-20,Albedo,706.6666666666667,0.7228866250870871
2025-07-20,Albedo,710.0,0.7229759833980898
2025-07-20,Albedo,713.3333333333334,0.7216454754748107
2025-07-20,Albedo,716.6666666666667,0.7182143316338567
2025-07-20,Albedo,720.0,0.7138596754609893
2025-07-20,Albedo,723.3333333333334,0.7130469721378061
2025-07-20,Albedo,726.6666666666667,0.7132856955347009
2025-07-20,Albedo,730.0,0.7130585839876252
2025-07-20,Albedo,733.3333333333334,0.7141541312907175
2025-07-20,Albedo,736.6666666666667,0.714625508190138
2025-07-20,Albedo,740.0,0.7136399917589648
2025-07-20,Albedo,743.3333333333334,0.7124402528184139
2025-07-20,Albedo,746.6666666666667,0.711585145702602
2025-07-20,Albedo,750.0,0.7108112359346545
2025-07-20,Albedo,753.3333333333334,0.7132959981812067
2025-07-20,Albedo,756.6666666666667,0.7126003436626999
2025-07-20,Albedo,760.0,0.6979704054884021
2025-07-20,Albedo,763.3333333333334,0.68431460282114
2025-07-20,Albedo,766.6666666666667,0.6941283515324745
2025-07-20,Albedo,770.0,0.7044945967000066
2025-07-20,Albedo,773.3333333333334,0.7051635805825021
2025-07-20,Albedo,776.6666666666667,0.7022159894577715
2025-07-20,Albedo,780.0,0.6984936183415297
2025-07-20,Albedo,783.3333333333334,0.6966383056785241
2025-07-20,Albedo,786.6666666666667,0.6949636166121493
2025-07-20,Albedo,790.0,0.693005447287817
2025-07-20,Albedo,793.3333333333334,0.6911524791628791
2025-07-20,Albedo,796.6666666666667,0.6913097251684367
2025-07-20,Albedo,800.0,0.6908724300526152
2025-07-20,Albedo,803.3333333333334,0.6900085543303559
2025-07-20,Albedo,806.6666666666667,0.6910837245437957
2025-07-20,Albedo,810.0,0.690474365784534
2025-07-20,Albedo,813.3333333333334,0.6890159817803476
2025-07-20,Albedo,816.6666666666667,0.6882985856050368
2025-07-20,Albedo,820.0,0.6875807422926934
2025-07-20,Albedo,823.3333333333334,0.6905543563160073
2025-07-20,Albedo,826.6666666666667,0.6919173598941857
2025-07-20,Albedo,830.0,0.6919095431551483
2025-07-20,Albedo,833.3333333333334,0.6933393125926443
2025-07-20,Albedo,836.6666666666667,0.6938694186145625
2025-07-20,Albedo,840.0,0.6933592244216173
2025-07-20,Albedo,843.3333333333334,0.6949150836115032
2025-07-20,Albedo,846.6666666666667,0.6928313528919977
2025-07-20,Albedo,850.0,0.6900857237167344
2025-07-20,Albedo,853.3333333333334,0.6880724656747134
2025-07-20,Albedo,856.6666666666667,0.6854781445613339
2025-07-20,Albedo,860.0,0.68333589598235
2025-07-20,Albedo,863.3333333333334,0.6802636788575654
2025-07-20,Albedo,866.6666666666667,0.6779386981157016
2025-07-20,Albedo,870.0,0.6744162579697022
2025-07-20,Albedo,873.3333333333334,0.6707369528487397
2025-07-20,Albedo,876.6666666666667,0.6666087069744837
2025-07-20,Albedo,880.0,0.6625323842064706
2025-07-20,Albedo,883.3333333333334,0.6608878917091332
2025-07-20,Albedo,886.6666666666667,0.6628283806012629
2025-07-20,Albedo,890.0,0.6537090026862937
2025-07-20,Albedo,893.3333333333334,0.6522867369580497
2025-07-20,Albedo,896.6666666666667,0.651416516897234
2025-07-20,Albedo,900.0,0.6505675051720786
2025-07-20,Albedo,903.3333333333334,0.6479581393221502
2025-07-20,Albedo,906.6666666666667,0.6436545470363193
2025-07-20,Albedo,910.0,0.6429875883824046
2025-07-20,Albedo,913.3333333333334,0.6443588828140161
2025-07-20,Albedo,916.6666666666667,0.6429930483807231
2025-07-20,Albedo,920.0,0.6458549735912471
2025-07-20,Albedo,923.3333333333334,0.6439612926132995
2025-07-20,Albedo,926.6666666666667,0.6445360969217475
2025-07-20,Albedo,930.0,0.6477812753244294
2025-07-20,Albedo,933.3333333333334,0.6451755564174965
2025-07-20,Albedo,936.6666666666667,0.6386839101898061
2025-07-20,Albedo,940.0,0.6319862777491261
2025-07-20,Albedo,943.3333333333334,0.631777158489187
2025-07-20,Albedo,946.6666666666667,0.6268753496438746
2025-07-20,Albedo,950.0,0.6318630925729727
2025-07-20,Transmittance,320.0,0.06991740200186408
2025-07-20,Transmittance,323.3333333333333,0.07218570669665178
2025-07-20,Transmittance,326.6666666666667,0.0734630262327589
2025-07-20,Transmittance,330.0,0.07617201308339369
2025-07-20,Transmittance,333.3333333333333,0.07905241526768243
2025-07-20,Transmittance,336.6666666666667,0.08084047444383842
2025-07-20,Transmittance,340.0,0.08431339397124395
2025-07-20,Transmittance,343.3333333333333,0.0868525476096664
2025-07-20,Transmittance,346.6666666666667,0.08898184932741386
2025-07-20,Transmittance,350.0,0.09128014200884353
2025-07-20,Transmittance,353.3333333333333,0.09339872449351613
2025-07-20,Transmittance,356.6666666666667,0.09582260253878656
2025-07-20,Transmittance,360.0,0.09754614289597695
2025-07-20,Transmittance,363.3333333333333,0.09914476323848333
2025-07-20,Transmittance,366.6666666666667,0.10126191417634542
2025-07-20,Transmittance,370.0,0.10235273956954591
2025-07-20,Transmittance,373.3333333333333,0.10417381724078092
2025-07-20,Transmittance,376.6666666666667,0.1063860697958746
2025-07-20,Transmittance,380.0,0.10842801707230149
2025-07-20,Transmittance,383.3333333333333,0.1094746096695385
2025-07-20,Transmittance,386.6666666666667,0.11151773529837107
2025-07-20,Transmittance,390.0,0.11284435183769599
2025-07-20,Transmittance,393.33333333333337,0.11325421993120798
2025-07-20,Transmittance,396.6666666666667,0.114638418320538
2025-07-20,Transmittance,400.0,0.11575893972097599
2025-07-20,Transmittance,403.33333333333337,0.11645177100846829
2025-07-20,Transmittance,406.6666666666667,0.11656164978856202
2025-07-20,Transmittance,410.0,0.11691107505106052
2025-07-20,Transmittance,413.33333333333337,0.11755974163592663
2025-07-20,Transmittance,416.6666666666667,0.11798582708052789
2025-07-20,Transmittance,420.0,0.11847837338653448
2025-07-20,Transmittance,423.33333333333337,0.1191011066948523
2025-07-20,Transmittance,426.6666666666667,0.11939214661713136
2025-07-20,Transmittance,430.0,0.11924638733352909
2025-07-20,Transmittance,433.33333333333337,0.11962766497349023
2025-07-20,Transmittance,436.6666666666667,0.1201505832521086
2025-07-20,Transmittance,440.0,0.120695825385058
2025-07-20,Transmittance,443.33333333333337,0.12142955453223127
2025-07-20,Transmittance,446.6666666666667,0.12213023741169614
2025-07-20,Transmittance,450.0,0.12283781569611166
2025-07-20,Transmittance,453.33333333333337,0.12333574131704769
2025-07-20,Transmittance,456.6666666666667,0.12348364081369141
2025-07-20,Transmittance,460.0,0.12377662639703581
2025-07-20,Transmittance,463.33333333333337,0.12411909663276897
2025-07-20,Transmittance,466.6666666666667,0.12434485394472264
2025-07-20,Transmittance,470.0,0.12479949123911667
2025-07-20,Transmittance,473.33333333333337,0.1253798321131982
2025-07-20,Transmittance,476.6666666666667,0.12581622132951825
2025-07-20,Transmittance,480.0,0.1260782850491247
2025-07-20,Transmittance,483.33333333333337,0.1259569937222915
2025-07-20,Transmittance,486.6666666666667,0.12554309931761604
2025-07-20,Transmittance,490.0,0.12521206079062813
2025-07-20,Transmittance,493.33333333333337,0.1253497355363674
2025-07-20,Transmittance,496.6666666666667,0.1249730510599592
2025-07-20,Transmittance,500.0,0.12467961280846021
2025-07-20,Transmittance,503.33333333333337,0.12437836897285466
2025-07-20,Transmittance,506.6666666666667,0.12393179259008155
2025-07-20,Transmittance,510.0,0.12345148833089942
2025-07-20,Transmittance,513.3333333333334,0.122677877778019
2025-07-20,Transmittance,516.6666666666667,0.12160586873181166
2025-07-20,Transmittance,520.0,0.12107908956508719
2025-07-20,Transmittance,523.3333333333334,0.12067335934149541
2025-07-20,Transmittance,526.6666666666667,0.11991396849620924
2025-07-20,Transmittance,530.0,0.11893183886505677
2025-07-20,Transmittance,533.3333333333334,0.1178152258224201
2025-07-20,Transmittance,536.6666666666667,0.11666964708856006
2025-07-20,Transmittance,540.0,0.11521428843612727
2025-07-20,Transmittance,543.3333333333334,0.11368480234087197
2025-07-20,Transmittance,546.6666666666667,0.11206531414926563
2025-07-20,Transmittance,550.0,0.11027664178258424
2025-07-20,Transmittance,553.3333333333334,0.10859649005171244
2025-07-20,Transmittance,556.6666666666667,0.1067160645810767
2025-07-20,Transmittance,560.0,0.10477752981015033
2025-07-20,Transmittance,563.3333333333334,0.10293391894536758
2025-07-20,Transmittance,566.6666666666667,0.1008847389658517
2025-07-20,Transmittance,570.0,0.09869992683155107
2025-07-20,Transmittance,573.3333333333334,0.09625318089141391
2025-07-20,Transmittance,576.6666666666667,0.09353879429053795
2025-07-20,Transmittance,580.0,0.09062926809995964
2025-07-20,Transmittance,583.3333333333334,0.08765639563689225
2025-07-20,Transmittance,586.6666666666667,0.08425095688055687
2025-07-20,Transmittance,590.0,0.08036198956307143
2025-07-20,Transmittance,593.3333333333334,0.07637009758148469
2025-07-20,Transmittance,596.6666666666667,0.07225971068331062
2025-07-20,Transmittance,600.0,0.06807421628589586
2025-07-20,Transmittance,603.3333333333334,0.06427886161663025
2025-07-20,Transmittance,606.6666666666667,0.06117670211439296
2025-07-20,Transmittance,610.0,0.05848791807330603
2025-07-20,Transmittance,613.3333333333334,0.05601124349169608
2025-07-20,Transmittance,616.6666666666667,0.053558691712966906
2025-07-20,Transmittance,620.0,0.05105219909628433
2025-07-20,Transmittance,623.3333333333334,0.04858563853320317
2025-07-20,Transmittance,626.6666666666667,0.04615996557075083
2025-07-20,Transmittance,630.0,0.043754615001159625
2025-07-20,Transmittance,633.3333333333334,0.04135339689126753
2025-07-20,Transmittance,636.6666666666667,0.039040470509587324
2025-07-20,Transmittance,640.0,0.036890872013881956
2025-07-20,Transmittance,643.3333333333334,0.034833315295275676
2025-07-20,Transmittance,646.6666666666667,0.032915892406087846
2025-07-20,Transmittance,650.0,0.03107678542352425
2025-07-20,Transmittance,653.3333333333334,0.029219656761500103
2025-07-20,Transmittance,656.6666666666667,0.027335409207304814
2025-07-20,Transmittance,660.0,0.02553931794994036
2025-07-20,Transmittance,663.3333333333334,0.02405539570393312
2025-07-20,Transmittance,666.6666666666667,0.022797092489413792
2025-07-20,Transmittance,670.0,0.02159590732508852
2025-07-20,Transmittance,673.3333333333334,0.02051053837025865
2025-07-20,Transmittance,676.6666666666667,0.019475921427128073
2025-07-20,Transmittance,680.0,0.01866907053534206
2025-07-20,Transmittance,683.3333333333334,0.01779246146975313
2025-07-20,Transmittance,686.6666666666667,0.016673953078761433
2025-07-20,Transmittance,690.0,0.015377765484434978
2025-07-20,Transmittance,693.3333333333334,0.014125256361355766
2025-07-20,Transmittance,696.6666666666667,0.01282757033442048
2025-07-20,Transmittance,700.0,0.01138456862558264
2025-07-20,Transmittance,703.3333333333334,0.009934844968470306
2025-07-20,Transmittance,706.6666666666667,0.008661725174850622
2025-07-20,Transmittance,710.0,0.007479880135176973
2025-07-20,Transmittance,713.3333333333334,0.006446835597473563
2025-07-20,Transmittance,716.6666666666667,0.005552756864875805
2025-07-20,Transmittance,720.0,0.004622456283889294
2025-07-20,Transmittance,723.3333333333334,0.003831332789858818
2025-07-20,Transmittance,726.6666666666667,0.0031435039572482682
2025-07-20,Transmittance,730.0,0.0024817024267903658
2025-07-20,Transmittance,733.3333333333334,0.0019185804751176813
2025-07-20,Transmittance,736.6666666666667,0.0014976304607108523
2025-07-20,Transmittance,740.0,0.001259350993055284
2025-07-20,Transmittance,743.3333333333334,0.0010712444473821988
2025-07-20,Transmittance,746.6666666666667,0.0008473025758410585
2025-07-20,Transmittance,750.0,0.0007848162691749082
2025-07-20,Transmittance,753.3333333333334,0.0006828242249265743
2025-07-20,Transmittance,756.6666666666667,0.0006691613492792566
2025-07-20,Transmittance,760.0,0.0007171467815585708
2025-07-20,Transmittance,763.3333333333334,0.0005584682083167226
2025-07-20,Transmittance,766.6666666666667,0.0004285833571641434
2025-07-20,Transmittance,770.0,0.00033108280513008403
2025-07-20,Transmittance,773.3333333333334,0.0003377696802125695
2025-07-20,Transmittance,776.6666666666667,0.0002987235579466145
2025-07-20,Transmittance,780.0,0.0002282211164219425
2025-07-20,Transmittance,783.3333333333334,0.00028241317909720356
2025-07-20,Transmittance,786.6666666666667,0.000273314734254249
2025-07-20,Transmittance,790.0,0.0002419739253786668
2025-07-20,Transmittance,793.3333333333334,0.00020050128961302585
2025-07-20,Transmittance,796.6666666666667,0.00023265925424117843
2025-07-20,Transmittance,800.0,0.00023201762427247242
2025-07-20,Transmittance,803.3333333333334,0.00024263121701873996
2025-07-20,Transmittance,806.6666666666667,0.00022681857139852338
2025-07-20,Transmittance,810.0,0.0002630974722072103
2025-07-20,Transmittance,813.3333333333334,0.000253423646469096
2025-07-20,Transmittance,816.6666666666667,0.0013001078961660999
2025-07-20,Transmittance,820.0,0.0004008889030504169
2025-07-20,Transmittance,823.3333333333334,0.0002541095227217241
2025-07-20,Transmittance,826.6666666666667,0.00037617315188314825
2025-07-20,Transmittance,830.0,0.0002956759267672632
2025-07-20,Transmittance,833.3333333333334,0.0001989545621012813
2025-07-20,Transmittance,836.6666666666667,0.00014770219712237354
2025-07-20,Transmittance,840.0,-0.0010117915186159928
2025-07-20,Transmittance,843.3333333333334,0.0002893776770636577
2025-07-20,Transmittance,846.6666666666667,0.00023767123377719623
2025-07-20,Transmittance,850.0,0.0002611299766381784
2025-07-20,Transmittance,853.3333333333334,0.0003154425996680419
2025-07-20,Transmittance,856.6666666666667,0.00035380193198766754
2025-07-20,Transmittance,860.0,0.00026835369773282354
2025-07-20,Transmittance,863.3333333333334,0.0005165325550504779
2025-07-20,Transmittance,866.6666666666667,0.0003766768031027022
2025-07-20,Transmittance,870.0,0.00044896679548252433
2025-07-20,Transmittance,873.3333333333334,0.0003990644605514146
2025-07-20,Transmittance,876.6666666666667,0.0006199296096251121
2025-07-20,Transmittance,880.0,0.00012293557965373217
2025-07-20,Transmittance,883.3333333333334,0.000780514761001969
2025-07-20,Transmittance,886.6666666666667,0.001810822877680722
2025-07-20,Transmittance,890.0,0.0003562902350944268
2025-07-20,Transmittance,893.3333333333334,0.0008320902921573717
2025-07-20,Transmittance,896.6666666666667,0.000777038263551027
2025-07-20,Transmittance,900.0,0.0005056612152034655
2025-07-20,Transmittance,903.3333333333334,0.0007908755422241228
2025-07-20,Transmittance,906.6666666666667,0.0009761793908876447
2025-07-20,Transmittance,910.0,0.0008056440776555521
2025-07-20,Transmittance,913.3333333333334,0.0007561898889945103
2025-07-20,Transmittance,916.6666666666667,0.0010026655959354243
2025-07-20,Transmittance,920.0,0.0012742892144780532
2025-07-20,Transmittance,923.3333333333334,0.0008241899681001843
2025-07-20,Transmittance,926.6666666666667,0.0006565781006795191
2025-07-20,Transmittance,930.0,-1.7381607132715195e-05
2025-07-20,Transmittance,933.3333333333334,0.0007392112656506
2025-07-20,Transmittance,936.6666666666667,0.0018326997941500902
2025-07-20,Transmittance,940.0,0.0022908060496031235
2025-07-20,Transmittance,943.3333333333334,0.0024987392636610533
2025-07-20,Transmittance,946.6666666666667,0.0029983325247551203
2025-07-20,Transmittance,950.0,0.00287847151964041
2025-08-04,Albedo,320.0,0.5260205108828224
2025-08-04,Albedo,323.3333333333333,0.5086914607684621
2025-08-04,Albedo,326.6666666666667,0.49373546195793006
2025-08-04,Albedo,330.0,0.4813487054649971
2025-08-04,Albedo,333.3333333333333,0.4791327974555851
2025-08-04,Albedo,336.6666666666667,0.4945692548615862
2025-08-04,Albedo,340.0,0.48348776134183347
2025-08-04,Albedo,343.3333333333333,0.48343006624842183
2025-08-04,Albedo,346.6666666666667,0.49084813231622704
2025-08-04,Albedo,350.0,0.4865600071241863
2025-08-04,Albedo,353.3333333333333,0.4798202415272937
2025-08-04,Albedo,356.6666666666667,0.48998450048570563
2025-08-04,Albedo,360.0,0.4970216254294149
2025-08-04,Albedo,363.3333333333333,0.4946884459619579
2025-08-04,Albedo,366.6666666666667,0.4846329045869087
2025-08-04,Albedo,370.0,0.4857102887358223
2025-08-04,Albedo,373.3333333333333,0.4990850675255877
2025-08-04,Albedo,376.6666666666667,0.48937671840645675
2025-08-04,Albedo,380.0,0.4827020753154276
2025-08-04,Albedo,383.3333333333333,0.5027831502082915
2025-08-04,Albedo,386.6666666666667,0.494942938723032
2025-08-04,Albedo,390.0,0.4820445666519818
2025-08-04,Albedo,393.33333333333337,0.49855433089194356
2025-08-04,Albedo,396.6666666666667,0.5011348635407552
2025-08-04,Albedo,400.0,0.48126097979082516
2025-08-04,Albedo,403.33333333333337,0.4833638087770854
2025-08-04,Albedo,406.6666666666667,0.4885473037024829
2025-08-04,Albedo,410.0,0.48868583318224956
2025-08-04,Albedo,413.33333333333337,0.4849315459309264
2025-08-04,Albedo,416.6666666666667,0.48256967230645803
2025-08-04,Albedo,420.0,0.4812278595952006
2025-08-04,Albedo,423.33333333333337,0.47874115608349593
2025-08-04,Albedo,426.6666666666667,0.4770251159204883
2025-08-04,Albedo,430.0,0.488329118580325
2025-08-04,Albedo,433.33333333333337,0.48303049090369693
2025-08-04,Albedo,436.6666666666667,0.4781361141900759
2025-08-04,Albedo,440.0,0.47864291851905366
2025-08-04,Albedo,443.33333333333337,0.4776410212954496
2025-08-04,Albedo,446.6666666666667,0.47899131039010034
2025-08-04,Albedo,450.0,0.47570288513601044
2025-08-04,Albedo,453.33333333333337,0.47740647541676207
2025-08-04,Albedo,456.6666666666667,0.4765669882043301
2025-08-04,Albedo,460.0,0.47513255374941243
2025-08-04,Albedo,463.33333333333337,0.4747940115430378
2025-08-04,Albedo,466.6666666666667,0.4764950531913034
2025-08-04,Albedo,470.0,0.4765561751997727
2025-08-04,Albedo,473.33333333333337,0.47467855592178426
2025-08-04,Albedo,476.6666666666667,0.4746340529845089
2025-08-04,Albedo,480.0,0.4708202202522398
2025-08-04,Albedo,483.33333333333337,0.47026225056362436
2025-08-04,Albedo,486.6666666666667,0.47482573228623925
2025-08-04,Albedo,490.0,0.47117740241014594
2025-08-04,Albedo,493.33333333333337,0.4680870360696746
2025-08-04,Albedo,496.6666666666667,0.4655325772991862
2025-08-04,Albedo,500.0,0.4665969620268462
2025-08-04,Albedo,503.33333333333337,0.46674434583453206
2025-08-04,Albedo,506.6666666666667,0.46396901808176494
2025-08-04,Albedo,510.0,0.4598885892574517
2025-08-04,Albedo,513.3333333333334,0.4573213052916113
2025-08-04,Albedo,516.6666666666667,0.46108911885007037
2025-08-04,Albedo,520.0,0.4586510887189674
2025-08-04,Albedo,523.3333333333334,0.4545960730804435
2025-08-04,Albedo,526.6666666666667,0.45549341379379077
2025-08-04,Albedo,530.0,0.4535220485420086
2025-08-04,Albedo,533.3333333333334,0.45168917030505423
2025-08-04,Albedo,536.6666666666667,0.4490783497562331
2025-08-04,Albedo,540.0,0.44905421678425983
2025-08-04,Albedo,543.3333333333334,0.44712485504028676
2025-08-04,Albedo,546.6666666666667,0.4440625257713896
2025-08-04,Albedo,550.0,0.4414426775841129
2025-08-04,Albedo,553.3333333333334,0.43793779897565877
2025-08-04,Albedo,556.6666666666667,0.4364539800685615
2025-08-04,Albedo,560.0,0.4346612771047596
2025-08-04,Albedo,563.3333333333334,0.43071940872360137
2025-08-04,Albedo,566.6666666666667,0.4282337803559331
2025-08-04,Albedo,570.0,0.42703384754126805
2025-08-04,Albedo,573.3333333333334,0.4243998409879611
2025-08-04,Albedo,576.6666666666667,0.4224031245419093
2025-08-04,Albedo,580.0,0.41705430264735066
2025-08-04,Albedo,583.3333333333334,0.4083610017439422
2025-08-04,Albedo,586.6666666666667,0.4072243454779293
2025-08-04,Albedo,590.0,0.41121962415011915
2025-08-04,Albedo,593.3333333333334,0.4072575338663619
2025-08-04,Albedo,596.6666666666667,0.3988983967178255
2025-08-04,Albedo,600.0,0.39217274994603757
2025-08-04,Albedo,603.3333333333334,0.3873197670268443
2025-08-04,Albedo,606.6666666666667,0.38486814268013925
2025-08-04,Albedo,610.0,0.38368255015962305
2025-08-04,Albedo,613.3333333333334,0.38224300708031006
2025-08-04,Albedo,616.6666666666667,0.37900139619467993
2025-08-04,Albedo,620.0,0.37486743052070026
2025-08-04,Albedo,623.3333333333334,0.37214298353007663
2025-08-04,Albedo,626.6666666666667,0.3709444485653827
2025-08-04,Albedo,630.0,0.3661685968068899
2025-08-04,Albedo,633.3333333333334,0.35833966627625263
2025-08-04,Albedo,636.6666666666667,0.3519129468668786
2025-08-04,Albedo,640.0,0.3480759769860556
2025-08-04,Albedo,643.3333333333334,0.34558674160113784
2025-08-04,Albedo,646.6666666666667,0.34387500743781346
2025-08-04,Albedo,650.0,0.33916431019535764
2025-08-04,Albedo,653.3333333333334,0.33392426709946654
2025-08-04,Albedo,656.6666666666667,0.33013931311230604
2025-08-04,Albedo,660.0,0.3245532441241047
2025-08-04,Albedo,663.3333333333334,0.32047712641704507
2025-08-04,Albedo,666.6666666666667,0.31831772656468654
2025-08-04,Albedo,670.0,0.3164497586150979
2025-08-04,Albedo,673.3333333333334,0.31464020942805926
2025-08-04,Albedo,676.6666666666667,0.3118967615224989
2025-08-04,Albedo,680.0,0.30827454436621415
2025-08-04,Albedo,683.3333333333334,0.30462767944043817
2025-08-04,Albedo,686.6666666666667,0.30517613784304143
2025-08-04,Albedo,690.0,0.30460995038445643
2025-08-04,Albedo,693.3333333333334,0.29902469963417866
2025-08-04,Albedo,696.6666666666667,0.2916653748436303
2025-08-04,Albedo,700.0,0.2870255265550169
2025-08-04,Albedo,703.3333333333334,0.2827682661229261
2025-08-04,Albedo,706.6666666666667,0.277060670853359
2025-08-04,Albedo,710.0,0.27038857985365344
2025-08-04,Albedo,713.3333333333334,0.2659238220504293
2025-08-04,Albedo,716.6666666666667,0.26359492782404786
2025-08-04,Albedo,720.0,0.2636085460937957
2025-08-04,Albedo,723.3333333333334,0.25587877476112525
2025-08-04,Albedo,726.6666666666667,0.2166358678841794
2025-08-04,Albedo,730.0,0.16558862866565102
2025-08-04,Albedo,733.3333333333334,0.12075112933264003
2025-08-04,Albedo,736.6666666666667,0.08609539494854944
2025-08-04,Albedo,740.0,0.06117118549712751
2025-08-04,Albedo,743.3333333333334,0.04396966234460581
2025-08-04,Albedo,746.6666666666667,0.03187256424563377
2025-08-04,Albedo,750.0,0.023249897275514266
2025-08-04,Albedo,753.3333333333334,0.016629437282314967
2025-08-04,Albedo,756.6666666666667,0.010663172978724246
2025-08-04,Albedo,760.0,0.006180998325593585
2025-08-04,Albedo,763.3333333333334,0.0043076333140189705
2025-08-04,Albedo,766.6666666666667,0.0042678462032582866
2025-08-04,Albedo,770.0,0.004325434325841699
2025-08-04,Albedo,773.3333333333334,0.003936134796926523
2025-08-04,Albedo,776.6666666666667,0.003369936228369212
2025-08-04,Albedo,780.0,0.0028256535698060322
2025-08-04,Albedo,783.3333333333334,0.0023380133321893874
2025-08-04,Albedo,786.6666666666667,0.0019188115802898185
2025-08-04,Albedo,790.0,0.0015901342955705281
2025-08-04,Albedo,793.3333333333334,0.0013446200734617529
2025-08-04,Albedo,796.6666666666667,0.0011567079337771722
2025-08-04,Albedo,800.0,0.0010052743696392296
2025-08-04,Albedo,803.3333333333334,0.0008836474089762897
2025-08-04,Albedo,806.6666666666667,0.0007700665851986606
2025-08-04,Albedo,810.0,0.0006366220889112269
2025-08-04,Albedo,813.3333333333334,0.0004995460408848049
2025-08-04,Albedo,816.6666666666667,0.000404547268547827
2025-08-04,Albedo,820.0,0.000357935782231742
2025-08-04,Albedo,823.3333333333334,0.00033597514643761114
2025-08-04,Albedo,826.6666666666667,0.0003168898398149899
2025-08-04,Albedo,830.0,0.00030078413044513723
2025-08-04,Albedo,833.3333333333334,0.0002908291050251812
2025-08-04,Albedo,836.6666666666667,0.0002839876614240178
2025-08-04,Albedo,840.0,0.00027348108194442814
2025-08-04,Albedo,843.3333333333334,0.0002583801058818972
2025-08-04,Albedo,846.6666666666667,0.00023799446128203042
2025-08-04,Albedo,850.0,0.0002141199845613232
2025-08-04,Albedo,853.3333333333334,0.00019318674006628923
2025-08-04,Albedo,856.6666666666667,0.00017821273527055814
2025-08-04,Albedo,860.0,0.00016484133165548984
2025-08-04,Albedo,863.3333333333334,0.000150248381564096
2025-08-04,Albedo,866.6666666666667,0.00013610425570644897
2025-08-04,Albedo,870.0,0.00012433867913753878
2025-08-04,Albedo,873.3333333333334,0.00011422542719806825
2025-08-04,Albedo,876.6666666666667,0.00010425073372456223
2025-08-04,Albedo,880.0,9.484032809055278e-05
2025-08-04,Albedo,883.3333333333334,8.622463773503039e-05
2025-08-04,Albedo,886.6666666666667,7.785864711264034e-05
2025-08-04,Albedo,890.0,6.817402716999642e-05
2025-08-04,Albedo,893.3333333333334,5.5752514600917126e-05
2025-08-04,Albedo,896.6666666666667,4.3721511562514975e-05
2025-08-04,Albedo,900.0,3.637967015844954e-05
2025-08-04,Albedo,903.3333333333334,3.30017429667459e-05
2025-08-04,Albedo,906.6666666666667,2.9860719646958123e-05
2025-08-04,Albedo,910.0,2.6157793430775203e-05
2025-08-04,Albedo,913.3333333333334,2.3742086664843193e-05
2025-08-04,Albedo,916.6666666666667,2.307712162901962e-05
2025-08-04,Albedo,920.0,2.2993126243214767e-05
2025-08-04,Albedo,923.3333333333334,2.120407833953717e-05
2025-08-04,Albedo,926.6666666666667,1.705836121184416e-05
2025-08-04,Albedo,930.0,1.1600323266956487e-05
2025-08-04,Albedo,933.3333333333334,7.18337863117277e-06
2025-08-04,Albedo,936.6666666666667,5.496778323582206e-06
2025-08-04,Albedo,940.0,4.935828756282119e-06
2025-08-04,Albedo,943.3333333333334,4.864431928720937e-06
2025-08-04,Albedo,946.6666666666667,4.657196709478581e-06
2025-08-04,Albedo,950.0,4.651683306759162e-06
2025-08-04,Transmittance,320.0,0.36137455819779546
2025-08-04,Transmittance,323.3333333333333,0.36293966470124533
2025-08-04,Transmittance,326.6666666666667,0.3305648817336351
2025-08-04,Transmittance,330.0,0.32733741776178693
2025-08-04,Transmittance,333.3333333333333,0.33437859477880405
2025-08-04,Transmittance,336.6666666666667,0.3418952901344161
2025-08-04,Transmittance,340.0,0.33709048090246085
2025-08-04,Transmittance,343.3333333333333,0.34425710606006316
2025-08-04,Transmittance,346.6666666666667,0.34881724355371063
2025-08-04,Transmittance,350.0,0.34776300865848
2025-08-04,Transmittance,353.3333333333333,0.343749719575694
2025-08-04,Transmittance,356.6666666666667,0.35747848220417777
2025-08-04,Transmittance,360.0,0.3656898156664886
2025-08-04,Transmittance,363.3333333333333,0.3650176430707978
2025-08-04,Transmittance,366.6666666666667,0.3588975802759094
2025-08-04,Transmittance,370.0,0.3607326436967958
2025-08-04,Transmittance,373.3333333333333,0.37437698565287225
2025-08-04,Transmittance,376.6666666666667,0.368589279283372
2025-08-04,Transmittance,380.0,0.3664577721196848
2025-08-04,Transmittance,383.3333333333333,0.3831606016217
2025-08-04,Transmittance,386.6666666666667,0.37991913926136933
2025-08-04,Transmittance,390.0,0.37083311272968217
2025-08-04,Transmittance,393.33333333333337,0.3848110932261984
2025-08-04,Transmittance,396.6666666666667,0.388743748633683
2025-08-04,Transmittance,400.0,0.37434257959859996
2025-08-04,Transmittance,403.33333333333337,0.37575398502212604
2025-08-04,Transmittance,406.6666666666667,0.37999727932646177
2025-08-04,Transmittance,410.0,0.3805787553884546
2025-08-04,Transmittance,413.33333333333337,0.3782775091730368
2025-08-04,Transmittance,416.6666666666667,0.37659705980994823
2025-08-04,Transmittance,420.0,0.3764892900654174
2025-08-04,Transmittance,423.33333333333337,0.3746419662621114
2025-08-04,Transmittance,426.6666666666667,0.3741431080278901
2025-08-04,Transmittance,430.0,0.38215239403168316
2025-08-04,Transmittance,433.33333333333337,0.379313203448584
2025-08-04,Transmittance,436.6666666666667,0.37547745897789636
2025-08-04,Transmittance,440.0,0.3768403734770473
2025-08-04,Transmittance,443.33333333333337,0.3767558341132167
2025-08-04,Transmittance,446.6666666666667,0.37922554023753424
2025-08-04,Transmittance,450.0,0.3771011948825089
2025-08-04,Transmittance,453.33333333333337,0.37913025734059963
2025-08-04,Transmittance,456.6666666666667,0.3790471218531684
2025-08-04,Transmittance,460.0,0.3779851046022514
2025-08-04,Transmittance,463.33333333333337,0.37819247066887274
2025-08-04,Transmittance,466.6666666666667,0.37980647966595926
2025-08-04,Transmittance,470.0,0.3805239683477073
2025-08-04,Transmittance,473.33333333333337,0.37981493189509763
2025-08-04,Transmittance,476.6666666666667,0.3802717643592446
2025-08-04,Transmittance,480.0,0.3774006616142415
2025-08-04,Transmittance,483.33333333333337,0.377400018679894
2025-08-04,Transmittance,486.6666666666667,0.3805587785009559
2025-08-04,Transmittance,490.0,0.37705490381178464
2025-08-04,Transmittance,493.33333333333337,0.37443690210983094
2025-08-04,Transmittance,496.6666666666667,0.3718688572523858
2025-08-04,Transmittance,500.0,0.37244877218346795
2025-08-04,Transmittance,503.33333333333337,0.3719109030447113
2025-08-04,Transmittance,506.6666666666667,0.36897423529357515
2025-08-04,Transmittance,510.0,0.3653353874268383
2025-08-04,Transmittance,513.3333333333334,0.36284787914796557
2025-08-04,Transmittance,516.6666666666667,0.365045407302342
2025-08-04,Transmittance,520.0,0.3627481632930017
2025-08-04,Transmittance,523.3333333333334,0.3591079990964266
2025-08-04,Transmittance,526.6666666666667,0.35890260363699195
2025-08-04,Transmittance,530.0,0.35622111976482423
2025-08-04,Transmittance,533.3333333333334,0.35374923315467677
2025-08-04,Transmittance,536.6666666666667,0.350268884040683
2025-08-04,Transmittance,540.0,0.34856188092179147
2025-08-04,Transmittance,543.3333333333334,0.34495133283629853
2025-08-04,Transmittance,546.6666666666667,0.340592064157091
2025-08-04,Transmittance,550.0,0.3363385248014943
2025-08-04,Transmittance,553.3333333333334,0.33149510381030006
2025-08-04,Transmittance,556.6666666666667,0.32763793828180815
2025-08-04,Transmittance,560.0,0.3239942422154899
2025-08-04,Transmittance,563.3333333333334,0.31857382896109265
2025-08-04,Transmittance,566.6666666666667,0.3138177370890666
2025-08-04,Transmittance,570.0,0.3098422017555686
2025-08-04,Transmittance,573.3333333333334,0.30450038611067104
2025-08-04,Transmittance,576.6666666666667,0.29933717679008764
2025-08-04,Transmittance,580.0,0.2914041999258461
2025-08-04,Transmittance,583.3333333333334,0.2815699071921418
2025-08-04,Transmittance,586.6666666666667,0.275948316338582
2025-08-04,Transmittance,590.0,0.27306760069308245
2025-08-04,Transmittance,593.3333333333334,0.2642974370099429
2025-08-04,Transmittance,596.6666666666667,0.2530122590250772
2025-08-04,Transmittance,600.0,0.24272045436465337
2025-08-04,Transmittance,603.3333333333334,0.2340138766500212
2025-08-04,Transmittance,606.6666666666667,0.22730776565359126
2025-08-04,Transmittance,610.0,0.22156466316715803
2025-08-04,Transmittance,613.3333333333334,0.21574632199611046
2025-08-04,Transmittance,616.6666666666667,0.20882288675615512
2025-08-04,Transmittance,620.0,0.20107248770102257
2025-08-04,Transmittance,623.3333333333334,0.19428780584901406
2025-08-04,Transmittance,626.6666666666667,0.18818894510082854
2025-08-04,Transmittance,630.0,0.17999221863345674
2025-08-04,Transmittance,633.3333333333334,0.170572480930876
2025-08-04,Transmittance,636.6666666666667,0.1625602757430922
2025-08-04,Transmittance,640.0,0.15545469431672837
2025-08-04,Transmittance,643.3333333333334,0.14943288624702752
2025-08-04,Transmittance,646.6666666666667,0.14374351134074634
2025-08-04,Transmittance,650.0,0.13686381665010924
2025-08-04,Transmittance,653.3333333333334,0.1300835356157062
2025-08-04,Transmittance,656.6666666666667,0.12371580667697604
2025-08-04,Transmittance,660.0,0.11719638282028015
2025-08-04,Transmittance,663.3333333333334,0.11188894041273256
2025-08-04,Transmittance,666.6666666666667,0.10747141366232162
2025-08-04,Transmittance,670.0,0.10365534236575127
2025-08-04,Transmittance,673.3333333333334,0.09991758541167423
2025-08-04,Transmittance,676.6666666666667,0.0960660756888323
2025-08-04,Transmittance,680.0,0.09196477728093026
2025-08-04,Transmittance,683.3333333333334,0.08817246847659038
2025-08-04,Transmittance,686.6666666666667,0.0850551773198255
2025-08-04,Transmittance,690.0,0.08103616448172565
2025-08-04,Transmittance,693.3333333333334,0.07565131002732604
2025-08-04,Transmittance,696.6666666666667,0.069407651964829
2025-08-04,Transmittance,700.0,0.06357333775163455
2025-08-04,Transmittance,703.3333333333334,0.05766675166556399
2025-08-04,Transmittance,706.6666666666667,0.051987995714518453
2025-08-04,Transmittance,710.0,0.046503840447147254
2025-08-04,Transmittance,713.3333333333334,0.04229162326443465
2025-08-04,Transmittance,716.6666666666667,0.03838992331450437
2025-08-04,Transmittance,720.0,0.034648556132285215
2025-08-04,Transmittance,723.3333333333334,0.030009640314882166
2025-08-04,Transmittance,726.6666666666667,0.02237628376607081
2025-08-04,Transmittance,730.0,0.014473091020194347
2025-08-04,Transmittance,733.3333333333334,0.008882197381249794
2025-08-04,Transmittance,736.6666666666667,0.005491724664905423
2025-08-04,Transmittance,740.0,0.0034009224472138734
2025-08-04,Transmittance,743.3333333333334,0.0021530241745732403
2025-08-04,Transmittance,746.6666666666667,0.00138691880650166
2025-08-04,Transmittance,750.0,0.0009141133236153464
2025-08-04,Transmittance,753.3333333333334,0.0005664376920978248
2025-08-04,Transmittance,756.6666666666667,0.0003354248575950579
2025-08-04,Transmittance,760.0,0.00017709359229571328
2025-08-04,Transmittance,763.3333333333334,0.00010656111809413087
2025-08-04,Transmittance,766.6666666666667,7.596373610650135e-05
2025-08-04,Transmittance,770.0,6.317920722685025e-05
2025-08-04,Transmittance,773.3333333333334,4.564083412713794e-05
2025-08-04,Transmittance,776.6666666666667,3.360052279941858e-05
2025-08-04,Transmittance,780.0,2.525014314157229e-05
2025-08-04,Transmittance,783.3333333333334,1.9121637656205353e-05
2025-08-04,Transmittance,786.6666666666667,1.4061244911331525e-05
2025-08-04,Transmittance,790.0,9.718762390887008e-06
2025-08-04,Transmittance,793.3333333333334,7.410190154039432e-06
2025-08-04,Transmittance,796.6666666666667,7.262370541532708e-06
2025-08-04,Transmittance,800.0,5.433000482204966e-06
2025-08-04,Transmittance,803.3333333333334,5.248076785223265e-06
2025-08-04,Transmittance,806.6666666666667,3.5464892914806714e-06
2025-08-04,Transmittance,810.0,4.0232471442788735e-06
2025-08-04,Transmittance,813.3333333333334,3.3536938744205885e-06
2025-08-04,Transmittance,816.6666666666667,2.4533814727599027e-06
2025-08-04,Transmittance,820.0,2.0841296074180807e-06
2025-08-04,Transmittance,823.3333333333334,3.0661065891685403e-06
2025-08-04,Transmittance,826.6666666666667,1.7974128981655284e-06
2025-08-04,Transmittance,830.0,1.2674076674337993e-06
2025-08-04,Transmittance,833.3333333333334,2.375302420799647e-06
2025-08-04,Transmittance,836.6666666666667,1.899887331842907e-06
2025-08-04,Transmittance,840.0,2.077788327497959e-06
2025-08-04,Transmittance,843.3333333333334,1.5404237684433067e-06
2025-08-04,Transmittance,846.6666666666667,7.1453459825698e-07
2025-08-04,Transmittance,850.0,9.078764229736591e-07
2025-08-04,Transmittance,853.3333333333334,1.0856592961066277e-06
2025-08-04,Transmittance,856.6666666666667,1.279990970391977e-06
2025-08-04,Transmittance,860.0,1.108620120815531e-06
2025-08-04,Transmittance,863.3333333333334,1.0502613486046292e-06
2025-08-04,Transmittance,866.6666666666667,9.011605957216278e-07
2025-08-04,Transmittance,870.0,5.744949221207216e-07
2025-08-04,Transmittance,873.3333333333334,8.163041660954457e-07
2025-08-04,Transmittance,876.6666666666667,2.763213215614557e-07
2025-08-04,Transmittance,880.0,4.68021174692044e-07
2025-08-04,Transmittance,883.3333333333334,4.689060145611355e-07
2025-08-04,Transmittance,886.6666666666667,4.0913045193079355e-07
2025-08-04,Transmittance,890.0,7.390337591846793e-07
2025-08-04,Transmittance,893.3333333333334,4.197486595713967e-07
2025-08-04,Transmittance,896.6666666666667,2.736370836067628e-07
2025-08-04,Transmittance,900.0,3.5266890059433636e-07
2025-08-04,Transmittance,903.3333333333334,6.761245900568938e-07
2025-08-04,Transmittance,906.6666666666667,6.198301373633177e-07
2025-08-04,Transmittance,910.0,3.8369182994261186e-07
2025-08-04,Transmittance,913.3333333333334,9.436565246606066e-08
2025-08-04,Transmittance,916.6666666666667,2.2265094641346676e-07
2025-08-04,Transmittance,920.0,5.872066394383408e-07
2025-08-04,Transmittance,923.3333333333334,3.4355587452991366e-07
2025-08-04,Transmittance,926.6666666666667,2.6385194440093027e-07
2025-08-04,Transmittance,930.0,5.7399633427996335e-08
2025-08-04,Transmittance,933.3333333333334,3.420452856756344e-07
2025-08-04,Transmittance,936.6666666666667,-1.674793226240611e-07
2025-08-04,Transmittance,940.0,7.408252902897183e-07
2025-08-04,Transmittance,943.3333333333334,2.364982270140911e-07
2025-08-04,Transmittance,946.6666666666667,9.72654323587915e-07
2025-08-04,Transmittance,950.0,3.549559867235299e-08
